Identifica巫o;Equipamento
AI-MEI-937; FURADEIRA HP2070
AI-MEI-ANDAIME;16 PE큐S ANDAIME 100X1.50
AI-MEI-5895;AGULHEIRO SGT SIGMA 
AI-MEI-3134;BETONEIRA
AI-MEI-3037;BETONEIRA 400L
AI-MEI-2971;BETONEIRA 400L CINZA
AI-MEI-1031;BETONEIRA AMARELA 400L STARK
AI-MEI-3338;BETONEIRA CINZA CSM
AI-MEI-3038;BETONEIRA CSM 
AI-MEI-2973;BETONEIRA CSM 400L CINZA
AI-MEI-1029;BETONEIRA CSM BET 400L
AI-MEI-2974;BETONEIRA CSM BET 400L
AI-MEI-3132;BETONEIRA CSM BET 400L
AI-MEI-PX03;BOMBA 03 1/2CV
AI-MEI-PX04;BOMBA 04 1/2CV
AI-MEI-PX16;BOMBA 1.5CV
AI-MEI-PX20;BOMBA 1CV
AI-MEI-PX15;BOMBA 1CV 
AI-MEI-PX02;BOMBA 1CV (VERDE)
AI-MEI-PX07;BOMBA 1CV MCS-NX
AI-MEI-PX05;BOMBA 3CV
AI-MEI-PX-13;BOMBA 3CV 
AI-MEI-PX08;BOMBA 3CV MONOFASICA
AI-MEI-PX06;BOMBA AUTOASPIRANTE 3CV
AI-MEI-PX21;BOMBA CENTRIFUGA
AI-MEI-PX18;BOMBA CENTRIFUGA 0.5CV
AI-MEI-PX14;BOMBA CENTRIFUGA 1,5CV
AI-MEI-PX22;BOMBA CENTRIFUGA 1CV
AI-MEI-PX11;BOMBA CENTRIFUGA 1CV ACM75
AI-MEI-PX24;BOMBA CENTRIFUGA 1CV LEPONO
AI-MEI-PX19;BOMBA CENTRIFUGA 2CV TRIFASICA
AI-MEI-PX09;BOMBA INJETORA 1CV
AI-MEI-PX17;BOMBA MONOFASICA 1.5CV
AI-MEI-PX26;BOMBA SAPO
AI-MEI-PX10;BOMBA SUBMERSIVEL
AI-MEI-PX12;BOMBA SUBMERSIVEL 3CV WQ25
AI-MEI-CARREG;CARREGADOR BATERIA MAKITA BIVOLT
AI-MEI-5880;CARRINHO DE M츒
AI-MEI-818;COMPACTADOR SAPINHO
AI-MEI-634;COMPACTADOR SAPINHO SRV620
AI-MEI-;COMPRESSOR CSV 10/110L PRO 220V SCHULZ
AI-MEI-5898;CORTADOR DE METAL LW1400
AI-MEI-5818;DESENTUPIDORA FPF 50
AI-MEI-5820;DESENTUPIDORA FPF 50
AI-MEI-5896;DETECTOR D-TECT 120
AI-MEI-2963;ESCADA ARTICULADA
AI-MEI-5703;ESCADA ARTICULADA
AI-MEI-2238;ESMERILHADEIRA
AI-MEI-2343;ESMERILHADEIRA 4' 9557HNG
AI-MEI-2206;ESMERILHADEIRA 4' DEWALT 4120-B2
AI-MEI-2110;ESMERILHADEIRA 4' GA4530
AI-MEI-2215;ESMERILHADEIRA 4' GA4530
AI-MEI-2228;ESMERILHADEIRA 4' GA4530
AI-MEI-2283;ESMERILHADEIRA 4' GA4530
AI-MEI-2330;ESMERILHADEIRA 4' GA4530
AI-MEI-2436;ESMERILHADEIRA 4' GA4530
AI-MEI-2440;ESMERILHADEIRA 4' GA4530
AI-MEI-2442;ESMERILHADEIRA 4' GA4530
AI-MEI-2939;ESMERILHADEIRA 4' GA4530
AI-MEI-5688;ESMERILHADEIRA 4' GA4530
AI-MEI-931;ESMERILHADEIRA 4' GA4530
AI-MEI-951;ESMERILHADEIRA 4' GA4530
AI-MEI-952;ESMERILHADEIRA 4' GA4530
AI-MEI-2072;ESMERILHADEIRA 4' GA4550
AI-MEI-2163;ESMERILHADEIRA 4' GA4550
AI-MEI-2375;ESMERILHADEIRA 4' GA4550
AI-MEI-2433;ESMERILHADEIRA 4' GA4550
AI-MEI-2582;ESMERILHADEIRA 4' GA4550
AI-MEI-2585;ESMERILHADEIRA 4' GA4550
AI-MEI-2589;ESMERILHADEIRA 4' GA4550
AI-MEI-2807;ESMERILHADEIRA 4' GA4550
AI-MEI-2809;ESMERILHADEIRA 4' GA4550
AI-MEI-2810;ESMERILHADEIRA 4' GA4550
AI-MEI-2814;ESMERILHADEIRA 4' GA4550
AI-MEI-2817;ESMERILHADEIRA 4' GA4550
AI-MEI-2818;ESMERILHADEIRA 4' GA4550
AI-MEI-2820;ESMERILHADEIRA 4' GA4550
AI-MEI-2828;ESMERILHADEIRA 4' GA4550
AI-MEI-2985;ESMERILHADEIRA 4' GA4550
AI-MEI-3116;ESMERILHADEIRA 4' GA4550
AI-MEI-3117;ESMERILHADEIRA 4' GA4550
AI-MEI-3145;ESMERILHADEIRA 4' GA4550
AI-MEI-3151;ESMERILHADEIRA 4' GA4550
AI-MEI-3208;ESMERILHADEIRA 4' GA4550
AI-MEI-3209;ESMERILHADEIRA 4' GA4550
AI-MEI-3210;ESMERILHADEIRA 4' GA4550
AI-MEI-3214;ESMERILHADEIRA 4' GA4550
AI-MEI-3217;ESMERILHADEIRA 4' GA4550
AI-MEI-3311;ESMERILHADEIRA 4' GA4550
AI-MEI-3313;ESMERILHADEIRA 4' GA4550
AI-MEI-5664;ESMERILHADEIRA 4' GA4550
AI-MEI-5666;ESMERILHADEIRA 4' GA4550
AI-MEI-5841;ESMERILHADEIRA 4' GA5050
AI-MEI-5765;ESMERILHADEIRA 4' M9510
AI-MEI-5791;ESMERILHADEIRA 4' M9510
AI-MEI-2819;"ESMERILHADEIRA 4"" GA4550"
AI-MEI-3118;ESMERILHADEIRA 5'
AI-MEI-3031;ESMERILHADEIRA 5' GA4550
AI-MEI-3034;ESMERILHADEIRA 5' GA4550
AI-MEI-5835;ESMERILHADEIRA 5' GA5050
AI-MEI-5838;ESMERILHADEIRA 5' GA5050
AI-MEI-5840;ESMERILHADEIRA 5' GA5050
AI-MEI-5842;ESMERILHADEIRA 5' GA5050
AI-MEI-5843;ESMERILHADEIRA 5' GA5050
AI-MEI-5844;ESMERILHADEIRA 5' GA5050
AI-MEI-3186;ESMERILHADEIRA 7' GA7020
AI-MEI-3121;ESMERILHADEIRA 7' GA7030
AI-MEI-3201;ESMERILHADEIRA 7' GA7030
AI-MEI-2657;"ESMERILHADEIRA 7"" GA7030"
AI-MEI-731;"ESMERILHADEIRA 7"" GA7030"
AI-MEI-3144;ESMERILHADEIRA GA4
AI-MEI-3148;ESMERILHADEIRA GA4530
AI-MEI-2161;ESMERILHADEIRA GA4550
AI-MEI-2431;ESMERILHADEIRA GA4550
AI-MEI-2587;ESMERILHADEIRA GA4550
AI-MEI-2591;ESMERILHADEIRA GA4550
AI-MEI-2620;ESMERILHADEIRA GA4550
AI-MEI-2811;ESMERILHADEIRA GA4550
AI-MEI-2827;ESMERILHADEIRA GA4550
AI-MEI-3114;ESMERILHADEIRA GA4550
AI-MEI-3745;ESMERILHADEIRA GA4550
AI-MEI-5834;ESMERILHADEIRA GA4550
AI-MEI-5837;ESMERILHADEIRA GA4550
AI-MEI-5839;ESMERILHADEIRA GA4550
AI-MEI-3277;FURADEIRA
AI-MEI-5537;FURADEIRA
AI-MEI-5614;FURADEIRA
AI-MEI-5616;FURADEIRA
AI-MEI-5618;FURADEIRA
AI-MEI-5744;FURADEIRA
AI-MEI-2892;FURADEIRA DE IMPACTO
AI-MEI-3238;FURADEIRA DE IMPACTO
AI-MEI-5638;FURADEIRA DE IMPACTO
AI-MEI-2305;FURADEIRA DS5000
AI-MEI-5615;FURADEIRA DS5000
AI-MEI-5732;FURADEIRA DS5000
AI-MEI-5276;FURADEIRA HP 2070
AI-MEI-2317;FURADEIRA HP1630
AI-MEI-2393;FURADEIRA HP1630
AI-MEI-665;FURADEIRA HP1630
AI-MEI-742;FURADEIRA HP1630
AI-MEI-2034;FURADEIRA HP1640
AI-MEI-2055;FURADEIRA HP1640
AI-MEI-2056;FURADEIRA HP1640
AI-MEI-2057;FURADEIRA HP1640
AI-MEI-2201;FURADEIRA HP1640
AI-MEI-2220;FURADEIRA HP1640
AI-MEI-2392;FURADEIRA HP1640
AI-MEI-2399;FURADEIRA HP1640
AI-MEI-2758;FURADEIRA HP1640
AI-MEI-2759;FURADEIRA HP1640
AI-MEI-5726;FURADEIRA HP1640
AI-MEI-5727;FURADEIRA HP1640
AI-MEI-5728;FURADEIRA HP1640
AI-MEI-936;FURADEIRA HP1640
AI-MEI-2593;FURADEIRA HP2070
AI-MEI-2594;FURADEIRA HP2070
AI-MEI-2627;FURADEIRA HP2070
AI-MEI-2630;FURADEIRA HP2070
AI-MEI-2631;FURADEIRA HP2070
AI-MEI-2632;FURADEIRA HP2070
AI-MEI-2633;FURADEIRA HP2070
AI-MEI-2879;FURADEIRA HP2070
AI-MEI-2881;FURADEIRA HP2070
AI-MEI-2882;FURADEIRA HP2070
AI-MEI-2886;FURADEIRA HP2070
AI-MEI-2887;FURADEIRA HP2070
AI-MEI-2888;FURADEIRA HP2070
AI-MEI-2891;FURADEIRA HP2070
AI-MEI-3274;FURADEIRA HP2070
AI-MEI-5635;FURADEIRA HP2070
AI-MEI-5639;FURADEIRA HP2070
AI-MEI-5720;GERADOR A GASOLINA GM5500
AI-MEI-5697;GERADOR TOYAMA TG1000
AI-MEI-5679;LAVA A JATO HW1300
AI-MEI-4967;LAVADORA BOSCH GLP80 
AI-MEI-3032;LAVADORA DE ALTA PRESSAO
AI-MEI-3307;LAVADORA DE ALTA PRESSAO BOSCH
AI-MEI-3308;LAVADORA DE ALTA PRESSAO BOSCH
AI-MEI-5657;LIXADEIRA DE CINTA
AI-MEI-5671;LIXADEIRA DE CINTA
AI-MEI-1007;LIXADEIRA DE CINTA 9920
AI-MEI-3119;LIXADEIRA DE CINTA M9400B
AI-MEI-5669;LIXADEIRA DE CINTA M9400B
AI-MEI-5670;LIXADEIRA DE CINTA M9400B
AI-MEI-5673;LIXADEIRA DE CINTA M9400B
AI-MEI-5762;LIXADEIRA DE TETO MLP750 LED
AI-MEI-3257;LIXADEIRA ORBITAL
AI-MEI-3259;LIXADEIRA ORBITAL
AI-MEI-3264;LIXADEIRA ORBITAL
AI-MEI-3265;LIXADEIRA ORBITAL
AI-MEI-3266;LIXADEIRA ORBITAL
AI-MEI-3262;LIXADEIRA ORBITAL BO5040
AI-MEI-3263;LIXADEIRA ORBITAL BO5040
AI-MEI-3258;LIXADEIRA ROTO ORBITAL BO5040
AI-MEI-3261;LIXADEIRA ROTO ORBITAL BO5040
AI-MEI-5640;MAQUINA DE PINTURA
AI-MEI-5832;MAQUINA DE PINTURA
AI-MEI-000;MAQUINA DE SOLDA
AI-MEI-2525;MAQUINA DE SOLDA
AI-MEI-2529;MAQUINA DE SOLDA
AI-MEI-2532;MAQUINA DE SOLDA
AI-MEI-2954;MAQUINA DE SOLDA
AI-MEI-3297;MAQUINA DE SOLDA
AI-MEI-5845;MAQUINA DE SOLDA
AI-MEI-5924;MAQUINA DE SOLDA
AI-MEI-701;MAQUINA DE SOLDA
AI-MEI-801;MAQUINA DE SOLDA
AI-MEI-2530;MAQUINA DE SOLDA 270 HEVY DUTY
AI-MEI-2682;MAQUINA DE SOLDA 270 HEVY DUTY
AI-MEI-2687;MAQUINA DE SOLDA 270 HEVY DUTY
AI-MEI-2347;MAQUINA DE SOLDA ESAB LHN212I
AI-MEI-2350;MAQUINA DE SOLDA ESAB LHN212I
AI-MEI-2956;MAQUINA DE SOLDA ESAB LHN212I
AI-MEI-2976;MAQUINA DE SOLDA ESAB LHN212I
AI-MEI-2983;MAQUINA DE SOLDA ESAB LHN212I
AI-MEI-678;MAQUINA DE SOLDA ESAB LHN212I
AI-MEI-681;MAQUINA DE SOLDA ESAB LHN212I
AI-MEI-702;MAQUINA DE SOLDA ESAB LHN212I
AI-MEI-2352;MAQUINA DE SOLDA ESAB LHN242I
AI-MEI-2949;MAQUINA DE SOLDA ESAB LHN242I
AI-MEI-2953;MAQUINA DE SOLDA ESAB LHN242I
AI-MEI-3294;MAQUINA DE SOLDA ESAB LHN242I
AI-MEI-3301;MAQUINA DE SOLDA ESAB LHN242I
AI-MEI-565;MAQUINA DE SOLDA ESAB LHN242I
AI-MEI-5836;MAQUINA DE SOLDA ESAB LHN242I
AI-MEI-703;MAQUINA DE SOLDA ESAB LHN242I
AI-MEI-800;MAQUINA DE SOLDA ESAB LHN242I
AI-MEI-2524;MAQUINA DE SOLDA INOVARC
AI-MEI-2522;MAQUINA DE SOLDA INOVARC 270
AI-MEI-2531;MAQUINA DE SOLDA INOVARC 270
AI-MEI-2690;MAQUINA DE SOLDA INOVARC 270
AI-MEI-2792;MAQUINA DE SOLDA INOVARC 270
AI-MEI-2526;MAQUINA DE SOLDA INOVARC 270 HEAVY DUTY
AI-MEI-2683;MAQUINA DE SOLDA INOVARC 270 HEAVY DUTY
AI-MEI-2686;MAQUINA DE SOLDA INOVARC 270 HEAVY DUTY
;MAQUINA DE SOLDA INOVARC 270 HEAVY DUTY
AI-MEI-2348;MAQUINA DE SOLDA LHN 242I
AI-MEI-2984;MAQUINA DE SOLDA LHN 242I
AI-MEI-3302;MAQUINA DE SOLDA LHN 242I
AI-MEI-2951;MAQUINA DE SOLDA LHN242I
AI-MEI-5826;MAQUINA DE SOLDA LHN242I
AI-MEI-682;MAQUINA DE SOLDA LHN242I
AI-MEI-2349;MAQUINA DE SOLDA LNH24i
AI-MEI-5884;MAQUINA DE SOLDA LYNUS
AI-MEI-1038;MARTELETE 2.5KG HR2470
AI-MEI-1042;MARTELETE 2.5KG HR2470
AI-MEI-1096;MARTELETE 2.5KG HR2470
AI-MEI-1099;MARTELETE 2.5KG HR2470
AI-MEI-2049;MARTELETE 2.5KG HR2470
AI-MEI-2050;MARTELETE 2.5KG HR2470
AI-MEI-2051;MARTELETE 2.5KG HR2470
AI-MEI-2080;MARTELETE 2.5KG HR2470
AI-MEI-2104;MARTELETE 2.5KG HR2470
AI-MEI-2105;MARTELETE 2.5KG HR2470
AI-MEI-2138;MARTELETE 2.5KG HR2470
AI-MEI-2139;MARTELETE 2.5KG HR2470
AI-MEI-2197;MARTELETE 2.5KG HR2470
AI-MEI-2344;MARTELETE 2.5KG HR2470
AI-MEI-2383;MARTELETE 2.5KG HR2470
AI-MEI-248;MARTELETE 2.5KG HR2470
AI-MEI-2491;MARTELETE 2.5KG HR2470
AI-MEI-2492;MARTELETE 2.5KG HR2470
AI-MEI-2493;MARTELETE 2.5KG HR2470
AI-MEI-2494;MARTELETE 2.5KG HR2470
AI-MEI-2499;MARTELETE 2.5KG HR2470
AI-MEI-2502;MARTELETE 2.5KG HR2470
AI-MEI-2503;MARTELETE 2.5KG HR2470
AI-MEI-2506;MARTELETE 2.5KG HR2470
AI-MEI-2511;MARTELETE 2.5KG HR2470
AI-MEI-2536;MARTELETE 2.5KG HR2470
AI-MEI-2537;MARTELETE 2.5KG HR2470
AI-MEI-2539;MARTELETE 2.5KG HR2470
AI-MEI-2541;MARTELETE 2.5KG HR2470
AI-MEI-2547;MARTELETE 2.5KG HR2470
AI-MEI-2551;MARTELETE 2.5KG HR2470
AI-MEI-2552;MARTELETE 2.5KG HR2470
AI-MEI-2580;MARTELETE 2.5KG HR2470
AI-MEI-2724;MARTELETE 2.5KG HR2470
AI-MEI-2764;MARTELETE 2.5KG HR2470
AI-MEI-2822;MARTELETE 2.5KG HR2470
AI-MEI-2824;MARTELETE 2.5KG HR2470
AI-MEI-2894;MARTELETE 2.5KG HR2470
AI-MEI-2897;MARTELETE 2.5KG HR2470
AI-MEI-2898;MARTELETE 2.5KG HR2470
AI-MEI-2901;MARTELETE 2.5KG HR2470
AI-MEI-2902;MARTELETE 2.5KG HR2470
AI-MEI-2905;MARTELETE 2.5KG HR2470
AI-MEI-2908;MARTELETE 2.5KG HR2470
AI-MEI-2993;MARTELETE 2.5KG HR2470
AI-MEI-2994;MARTELETE 2.5KG HR2470
AI-MEI-2996;MARTELETE 2.5KG HR2470
AI-MEI-2998;MARTELETE 2.5KG HR2470
AI-MEI-3004;MARTELETE 2.5KG HR2470
AI-MEI-3005;MARTELETE 2.5KG HR2470
AI-MEI-3006;MARTELETE 2.5KG HR2470
AI-MEI-3007;MARTELETE 2.5KG HR2470
AI-MEI-3008;MARTELETE 2.5KG HR2470
AI-MEI-3018;MARTELETE 2.5KG HR2470
AI-MEI-3065;MARTELETE 2.5KG HR2470
AI-MEI-3135;MARTELETE 2.5KG HR2470
AI-MEI-3136;MARTELETE 2.5KG HR2470
AI-MEI-3138;MARTELETE 2.5KG HR2470
AI-MEI-3139;MARTELETE 2.5KG HR2470
AI-MEI-3172;MARTELETE 2.5KG HR2470
AI-MEI-3174;MARTELETE 2.5KG HR2470
AI-MEI-3187;MARTELETE 2.5KG HR2470
AI-MEI-3193;MARTELETE 2.5KG HR2470
AI-MEI-3278;MARTELETE 2.5KG HR2470
AI-MEI-5052;MARTELETE 2.5KG HR2470
AI-MEI-5595;MARTELETE 2.5KG HR2470
AI-MEI-5651;MARTELETE 2.5KG HR2470
AI-MEI-5652;MARTELETE 2.5KG HR2470
AI-MEI-5654;MARTELETE 2.5KG HR2470
AI-MEI-5656;MARTELETE 2.5KG HR2470
AI-MEI-5659;MARTELETE 2.5KG HR2470
AI-MEI-5660;MARTELETE 2.5KG HR2470
AI-MEI-5661;MARTELETE 2.5KG HR2470
AI-MEI-5662;MARTELETE 2.5KG HR2470
AI-MEI-5663;MARTELETE 2.5KG HR2470
AI-MEI-5700;MARTELETE 2.5KG HR2470
AI-MEI-5709;MARTELETE 2.5KG HR2470
AI-MEI-5710;MARTELETE 2.5KG HR2470
AI-MEI-5900;MARTELETE 2.5KG HR2470
AI-MEI-5901;MARTELETE 2.5KG HR2470
AI-MEI-5902;MARTELETE 2.5KG HR2470
AI-MEI-5903;MARTELETE 2.5KG HR2470
AI-MEI-5904;MARTELETE 2.5KG HR2470
AI-MEI-653;MARTELETE 2.5KG HR2470
AI-MEI-654;MARTELETE 2.5KG HR2470
AI-MEI-772;MARTELETE 2.5KG HR2470
AI-MEI-843;MARTELETE 2.5KG HR2470
AI-MEI-979;MARTELETE 2.5KG HR2470
AI-MEI-2784;MARTELETE 2.5KG HR2631FJ
AI-MEI-1049;MARTELETE 2.5KG SHR263
AI-MEI-827;MARTELETE 5 KG
AI-MEI-3341;MARTELO 10 KG
AI-MEI-2353;MARTELO 10KG HM1203C
AI-MEI-2354;MARTELO 10KG HM1203C
AI-MEI-2355;MARTELO 10KG HM1203C
AI-MEI-2600;MARTELO 10KG HM1203C
AI-MEI-2601;MARTELO 10KG HM1203C
AI-MEI-2602;MARTELO 10KG HM1203C
AI-MEI-2604;MARTELO 10KG HM1203C
AI-MEI-2944;MARTELO 10KG HM1203C
AI-MEI-2945;MARTELO 10KG HM1203C
AI-MEI-3100;MARTELO 10KG HM1203C
AI-MEI-3101;MARTELO 10KG HM1203C
AI-MEI-3103;MARTELO 10KG HM1203C
AI-MEI-3104;MARTELO 10KG HM1203C
AI-MEI-3339;MARTELO 10KG HM1203C
AI-MEI-3340;MARTELO 10KG HM1203C
AI-MEI-3342;MARTELO 10KG HM1203C
AI-MEI-3108;MARTELO 15 KG
AI-MEI-2243;MARTELO 16KG HM1317
AI-MEI-2244;MARTELO 16KG HM1317
AI-MEI-2127;MARTELO 30KG HM1802
AI-MEI-2129;MARTELO 30KG HM1802
AI-MEI-3105;MARTELO 30KG HM1802
AI-MEI-3106;MARTELO 30KG HM1802
AI-MEI-673;MARTELO 30KG HM1802
AI-MEI-674;MARTELO 30KG HM1802
AI-MEI-675;MARTELO 30KG HM1802
AI-MEI-677;MARTELO 30KG HM1802
AI-MEI-5905;MARTELO 5KG HM
AI-MEI-5906;MARTELO 5KG HM
AI-MEI-5907;MARTELO 5KG HM
AI-MEI-5908;MARTELO 5KG HM
AI-MEI-5909;MARTELO 5KG HM
AI-MEI-2077;MARTELO 5KG HM0870
AI-MEI-2078;MARTELO 5KG HM0870C
AI-MEI-3337;MARTELO HM1802 10KG
AI-MEI-3234;MARTELO ROMPEDOR 10KG ROTATIVO
AI-MEI-5721;MISTURADOR ELETRICO MEL1200
AI-MEI-5722;MISTURADOR ELETRICO MEL1200
AI-MEI-5723;MISTURADOR ELETRICO MEL1200
AI-MEI-5920;MOTO COMPRESSOR AR DIRETO
AI-MEI-5921;MOTO COMPRESSOR AR DIRETO
AI-MEI-1048;MOTOBOMBA
AI-MEI-5849;MOTOBOMBA CSM - COM MANGOTE
AI-MEI-5770;MOTOVIBRADOR DE CIMENTO PORTATIL
AI-MEI-5768;NIVEL A LASER
AI-MEI-5915;NIVEL A LASER 16 LINHAS
AI-MEI-5914;NIVEL A LASER 16LINHAS
AI-MEI-5916;NIVEL A LASER 16LINHAS
AI-MEI-2124;NIVEL A LASER BOSCH GCL 2-15
AI-MEI-5922;NIVEL A LASER BOSCH GCL2-15G
AI-MEI-5822;NIVEL A LASER EXBOM NL1230
AI-MEI-5589;NIVEL A LASER GCL 2-15
AI-MEI-5590;NIVEL A LASER GCL 2-15
AI-MEI-3061;NIVEL A LASER GCL3X
AI-MEI-3058;NIVEL A LASER GLL3X
AI-MEI-1089;PARAFUSADDEIRA 453
AI-MEI-980;PARAFUSADEIRA
AI-MEI-5607;PARAFUSADEIRA 
AI-MEI-1060;PARAFUSADEIRA DEWALT
AI-MEI-5823;PARAFUSADEIRA DEWALT
AI-MEI-2106;PARAFUSADEIRA DHP
AI-MEI-1090;PARAFUSADEIRA DHP453
AI-MEI-1091;PARAFUSADEIRA DHP453
AI-MEI-2039;PARAFUSADEIRA DHP453
AI-MEI-2040;PARAFUSADEIRA DHP453
AI-MEI-2081;PARAFUSADEIRA DHP453
AI-MEI-2108;PARAFUSADEIRA DHP453
AI-MEI-2153;PARAFUSADEIRA DHP453
AI-MEI-2187;PARAFUSADEIRA DHP453
AI-MEI-2188;PARAFUSADEIRA DHP453
AI-MEI-2189;PARAFUSADEIRA DHP453
AI-MEI-2290;PARAFUSADEIRA DHP453
AI-MEI-2294;PARAFUSADEIRA DHP453
AI-MEI-2295;PARAFUSADEIRA DHP453
AI-MEI-2297;PARAFUSADEIRA DHP453
AI-MEI-2301;PARAFUSADEIRA DHP453
AI-MEI-2402;PARAFUSADEIRA DHP453
AI-MEI-2404;PARAFUSADEIRA DHP453
AI-MEI-2412;PARAFUSADEIRA DHP453
AI-MEI-2418;PARAFUSADEIRA DHP453
AI-MEI-2420;PARAFUSADEIRA DHP453
AI-MEI-2421;PARAFUSADEIRA DHP453
AI-MEI-2512;PARAFUSADEIRA DHP453
AI-MEI-2517;PARAFUSADEIRA DHP453
AI-MEI-2798;PARAFUSADEIRA DHP453
AI-MEI-5719;PARAFUSADEIRA DHP453
AI-MEI-659;PARAFUSADEIRA DHP453
AI-MEI-747;PARAFUSADEIRA DHP453
AI-MEI-2140;PARAFUSADEIRA DHP482
AI-MEI-2299;PARAFUSADEIRA DHP482
AI-MEI-2300;PARAFUSADEIRA DHP482
AI-MEI-2410;PARAFUSADEIRA DHP482
AI-MEI-2414;PARAFUSADEIRA DHP482
AI-MEI-2609;PARAFUSADEIRA DHP482
AI-MEI-2611;PARAFUSADEIRA DHP482
AI-MEI-2613;PARAFUSADEIRA DHP482
AI-MEI-2614;PARAFUSADEIRA DHP482
AI-MEI-2615;PARAFUSADEIRA DHP482
AI-MEI-2616;PARAFUSADEIRA DHP482
AI-MEI-2618;PARAFUSADEIRA DHP482
AI-MEI-2619;PARAFUSADEIRA DHP482
AI-MEI-2761;PARAFUSADEIRA DHP482
AI-MEI-2795;PARAFUSADEIRA DHP482
AI-MEI-2867;PARAFUSADEIRA DHP482
AI-MEI-2870;PARAFUSADEIRA DHP482
AI-MEI-2871;PARAFUSADEIRA DHP482
AI-MEI-2872;PARAFUSADEIRA DHP482
AI-MEI-2874;PARAFUSADEIRA DHP482
AI-MEI-2877;PARAFUSADEIRA DHP482
AI-MEI-2878;PARAFUSADEIRA DHP482
AI-MEI-3036;PARAFUSADEIRA DHP482
AI-MEI-3040;PARAFUSADEIRA DHP482
AI-MEI-3041;PARAFUSADEIRA DHP482
AI-MEI-3042;PARAFUSADEIRA DHP482
AI-MEI-3043;PARAFUSADEIRA DHP482
AI-MEI-3046;PARAFUSADEIRA DHP482
AI-MEI-3110;PARAFUSADEIRA DHP482
AI-MEI-3111;PARAFUSADEIRA DHP482
AI-MEI-3113;PARAFUSADEIRA DHP482
AI-MEI-3143;PARAFUSADEIRA DHP482
AI-MEI-3147;PARAFUSADEIRA DHP482
AI-MEI-3149;PARAFUSADEIRA DHP482
AI-MEI-3228;PARAFUSADEIRA DHP482
AI-MEI-3230;PARAFUSADEIRA DHP482
AI-MEI-3231;PARAFUSADEIRA DHP482
AI-MEI-3232;PARAFUSADEIRA DHP482
AI-MEI-3233;PARAFUSADEIRA DHP482
AI-MEI-3241;PARAFUSADEIRA DHP482
AI-MEI-3244;PARAFUSADEIRA DHP482
AI-MEI-3268;PARAFUSADEIRA DHP482
AI-MEI-3269;PARAFUSADEIRA DHP482
AI-MEI-3270;PARAFUSADEIRA DHP482
AI-MEI-3271;PARAFUSADEIRA DHP482
AI-MEI-3272;PARAFUSADEIRA DHP482
AI-MEI-3316;PARAFUSADEIRA DHP482
AI-MEI-3319;PARAFUSADEIRA DHP482
AI-MEI-3321;PARAFUSADEIRA DHP482
AI-MEI-3322;PARAFUSADEIRA DHP482
AI-MEI-5608;PARAFUSADEIRA DHP482
AI-MEI-5609;PARAFUSADEIRA DHP482
AI-MEI-5610;PARAFUSADEIRA DHP482
AI-MEI-5611;PARAFUSADEIRA DHP482
AI-MEI-5684;PARAFUSADEIRA DHP482
AI-MEI-5685;PARAFUSADEIRA DHP482
AI-MEI-5686;PARAFUSADEIRA DHP482
AI-MEI-5687;PARAFUSADEIRA DHP482
AI-MEI-5694;PARAFUSADEIRA DHP482
AI-MEI-5729;PARAFUSADEIRA DHP482
AI-MEI-5735;PARAFUSADEIRA DHP482
AI-MEI-5745;PARAFUSADEIRA DHP482
AI-MEI-5749;PARAFUSADEIRA DHP482
AI-MEI-5750;PARAFUSADEIRA DHP482
AI-MEI-5754;PARAFUSADEIRA DHP482
AI-MEI-5850;PARAFUSADEIRA DHP482
AI-MEI-5910;PARAFUSADEIRA DHP489RTJ
AI-MEI-5911;PARAFUSADEIRA DHP489RTJ
AI-MEI-5912;PARAFUSADEIRA DHP489RTJ
AI-MEI-5913;PARAFUSADEIRA DHP489RTJ
AI-MEI-1810;PERFURATRIZ
AI-MEI-5712;PISTOLA DE GESSO
AI-MEI-02020522;PISTOLA DE GESSO DFG40
AI-MEI-5606;PISTOLA DE GESSO FAI72N
AI-MEI-5711;PISTOLA DE GESSO FAI72N
AI-MEI-5740;PISTOLA DE GESSO FAI72N
AI-MEI-5847;PISTOLA DE GESSO FAI72N
AI-MEI-102044169;PISTOLA DE GESSO WALSYWA
AI-MEI-5851;PISTOLA LAVADORA A BATERIA
AI-MEI-605;PLACA VIBRATORIA PV90
AI-MEI-2017;PLAINA ELETRICA KP0800
AI-MEI-2071;PLAINA ELETRICA KP0800
AI-MEI-2084;PLAINA ELETRICA KP0800
AI-MEI-2122;PLAINA ELETRICA KP0800
AI-MEI-2310;PLAINA ELETRICA KP0800
AI-MEI-2312;PLAINA ELETRICA KP0800
AI-MEI-2422;PLAINA ELETRICA KP0800
AI-MEI-2423;PLAINA ELETRICA KP0800
AI-MEI-2782;PLAINA ELETRICA KP0800
AI-MEI-2859;PLAINA ELETRICA KP0800
AI-MEI-2860;PLAINA ELETRICA KP0800
AI-MEI-2861;PLAINA ELETRICA KP0800
AI-MEI-2862;PLAINA ELETRICA KP0800
AI-MEI-3203;PLAINA ELETRICA KP0800
AI-MEI-3205;PLAINA ELETRICA KP0800
AI-MEI-3207;PLAINA ELETRICA KP0800
AI-MEI-492;PLAINA ELETRICA KP0800
AI-MEI-5643;PLAINA ELETRICA KP0800
AI-MEI-5698;PLAINA ELETRICA KP0800
AI-MEI-5730;PLAINA ELETRICA KP0800
AI-MEI-5733;PLAINA ELETRICA KP0800
AI-MEI-5748;PLAINA ELETRICA KP0800
AI-MEI-5752;PLAINA ELETRICA KP0800
AI-MEI-5755;PLAINA ELETRICA KP0800
AI-MEI-3343;POLITRIZ FP6
AI-MEI-5701;POLITRIZ ORBITAL P6000C
AI-MEI-1570;PRANCHA COMPACTADORA CR3 WEBER
AI-MEI-2255;PRANCHA COMPACTADORA RPV4500
AI-MEI-3318;PRANCHA COMPACTADORA WOLKAN
AI-MEI-2977;RISCADEIRA PORCELANATO PISO
AI-MEI-5830;RISCADOR DE PISO 390
AI-MEI-2978;RISCADOR PISO CORTAG
AI-MEI-RO큐DEIRA;RO큐DEIRA
AI-MEI-5848;ROQUITE PNEUMATICA
AI-MEI-769;SAPO COMPACTADOR
AI-MEI-1051;SERRA CIRCULAR 5007N
AI-MEI-1079;SERRA CIRCULAR 5007N
AI-MEI-2309;SERRA CIRCULAR 5007N
AI-MEI-2329;SERRA CIRCULAR 5007N
AI-MEI-2427;SERRA CIRCULAR 5007N
AI-MEI-2429;SERRA CIRCULAR 5007N
AI-MEI-2481;SERRA CIRCULAR 5007N
AI-MEI-2574;SERRA CIRCULAR 5007N
AI-MEI-2575;SERRA CIRCULAR 5007N
AI-MEI-2578;SERRA CIRCULAR 5007N
AI-MEI-2850;SERRA CIRCULAR 5007N
AI-MEI-2852;SERRA CIRCULAR 5007N
AI-MEI-2853;SERRA CIRCULAR 5007N
AI-MEI-2856;SERRA CIRCULAR 5007N
AI-MEI-2858;SERRA CIRCULAR 5007N
AI-MEI-2986;SERRA CIRCULAR 5007N
AI-MEI-2989;SERRA CIRCULAR 5007N
AI-MEI-307;SERRA CIRCULAR 5007N
AI-MEI-3223;SERRA CIRCULAR 5007N
AI-MEI-3224;SERRA CIRCULAR 5007N
AI-MEI-3225;SERRA CIRCULAR 5007N
AI-MEI-517;SERRA CIRCULAR 5007N
AI-MEI-5619;SERRA CIRCULAR 5007N
AI-MEI-5620;SERRA CIRCULAR 5007N
AI-MEI-5622;SERRA CIRCULAR 5007N
AI-MEI-5623;SERRA CIRCULAR 5007N
AI-MEI-5731;SERRA CIRCULAR 5007N
AI-MEI-5734;SERRA CIRCULAR 5007N
AI-MEI-671;SERRA CIRCULAR 5007N
AI-MEI-672;SERRA CIRCULAR 5007N
AI-MEI-735;SERRA CIRCULAR 5007N
AI-MEI-934;SERRA CIRCULAR 5007N
AI-MEI-367;SERRA CORTE METAL LW1400
AI-MEI-2136;SERRA MARMORE 
AI-MEI-2450;SERRA MARMORE 
AI-MEI-2843;SERRA MARMORE 
AI-MEI-3011;SERRA MARMORE 
AI-MEI-5580;SERRA MARMORE 
AI-MEI-1045;SERRA MARMORE 4100NH2
AI-MEI-1052;SERRA MARMORE 4100NH2
AI-MEI-2083;SERRA MARMORE 4100NH2
AI-MEI-2112;SERRA MARMORE 4100NH2
AI-MEI-2155;SERRA MARMORE 4100NH2
AI-MEI-2157;SERRA MARMORE 4100NH2
AI-MEI-2183;SERRA MARMORE 4100NH2
AI-MEI-2192;SERRA MARMORE 4100NH2
AI-MEI-2208;SERRA MARMORE 4100NH2
AI-MEI-2225;SERRA MARMORE 4100NH2
AI-MEI-2249;SERRA MARMORE 4100NH2
AI-MEI-2318;SERRA MARMORE 4100NH2
AI-MEI-2331;SERRA MARMORE 4100NH2
AI-MEI-2456;SERRA MARMORE 4100NH2
AI-MEI-2457;SERRA MARMORE 4100NH2
AI-MEI-2458;SERRA MARMORE 4100NH2
AI-MEI-2459;SERRA MARMORE 4100NH2
AI-MEI-246;SERRA MARMORE 4100NH2
AI-MEI-2461;SERRA MARMORE 4100NH2
AI-MEI-2466;SERRA MARMORE 4100NH2
AI-MEI-2467;SERRA MARMORE 4100NH2
AI-MEI-2470;SERRA MARMORE 4100NH2
AI-MEI-2473;SERRA MARMORE 4100NH2
AI-MEI-2475;SERRA MARMORE 4100NH2
AI-MEI-2477;SERRA MARMORE 4100NH2
AI-MEI-2553;SERRA MARMORE 4100NH2
AI-MEI-2560;SERRA MARMORE 4100NH2
AI-MEI-2562;SERRA MARMORE 4100NH2
AI-MEI-2563;SERRA MARMORE 4100NH2
AI-MEI-2752;SERRA MARMORE 4100NH2
AI-MEI-2829;SERRA MARMORE 4100NH2
AI-MEI-2830;SERRA MARMORE 4100NH2
AI-MEI-2831;SERRA MARMORE 4100NH2
AI-MEI-2836;SERRA MARMORE 4100NH2
AI-MEI-2837;SERRA MARMORE 4100NH2
AI-MEI-2841;SERRA MARMORE 4100NH2
AI-MEI-2842;SERRA MARMORE 4100NH2
AI-MEI-2847;SERRA MARMORE 4100NH2
AI-MEI-3016;SERRA MARMORE 4100NH2
AI-MEI-3017;SERRA MARMORE 4100NH2
AI-MEI-3021;SERRA MARMORE 4100NH2
AI-MEI-3023;SERRA MARMORE 4100NH2
AI-MEI-3024;SERRA MARMORE 4100NH2
AI-MEI-3027;SERRA MARMORE 4100NH2
AI-MEI-3030;SERRA MARMORE 4100NH2
AI-MEI-3126;SERRA MARMORE 4100NH2
AI-MEI-3129;SERRA MARMORE 4100NH2
AI-MEI-3154;SERRA MARMORE 4100NH2
AI-MEI-3157;SERRA MARMORE 4100NH2
AI-MEI-3220;SERRA MARMORE 4100NH2
AI-MEI-3221;SERRA MARMORE 4100NH2
AI-MEI-3222;SERRA MARMORE 4100NH2
AI-MEI-328;SERRA MARMORE 4100NH2
AI-MEI-3280;SERRA MARMORE 4100NH2
AI-MEI-3281;SERRA MARMORE 4100NH2
AI-MEI-3288;SERRA MARMORE 4100NH2
AI-MEI-3290;SERRA MARMORE 4100NH2
AI-MEI-3291;SERRA MARMORE 4100NH2
AI-MEI-4982;SERRA MARMORE 4100NH2
AI-MEI-551;SERRA MARMORE 4100NH2
AI-MEI-552;SERRA MARMORE 4100NH2
AI-MEI-5628;SERRA MARMORE 4100NH2
AI-MEI-5629;SERRA MARMORE 4100NH2
AI-MEI-5633;SERRA MARMORE 4100NH2
AI-MEI-5634;SERRA MARMORE 4100NH2
AI-MEI-5695;SERRA MARMORE 4100NH2
AI-MEI-5696;SERRA MARMORE 4100NH2
AI-MEI-5699;SERRA MARMORE 4100NH2
AI-MEI-5706;SERRA MARMORE 4100NH2
AI-MEI-5724;SERRA MARMORE 4100NH2
AI-MEI-5743;SERRA MARMORE 4100NH2
AI-MEI-610;SERRA MARMORE 4100NH2
AI-MEI-668;SERRA MARMORE 4100NH2
AI-MEI-670;SERRA MARMORE 4100NH2
AI-MEI-718;SERRA MARMORE 4100NH2
AI-MEI-720;SERRA MARMORE 4100NH2
AI-MEI-880;SERRA MARMORE 4100NH2
AI-MEI-2200;SERRA MARMORE 4100NH3
AI-MEI-2734;SERRA MARMORE 4100NH3
AI-MEI-3218;SERRA MARMORE 4100NH3
AI-MEI-753;SERRA MARMORE 4100NH3
AI-MEI-877;SERRA MARMORE 4100NH3
AI-MEI-959;SERRA MARMORE 4100NH3
AI-MEI-2464;SERRA MARMORE GA4550
AI-MEI-2567;SERRA MARMORE NH2
AI-MEI-3229;SERRA MARMORE NH2
AI-MEI-3286;SERRA POLICORETE 3/4
AI-MEI-5677;SERRA TICO TICO
AI-MEI-104469;SERRA TICO TICO 4327
AI-MEI-2302;SERRA TICO TICO 4327
AI-MEI-2304;SERRA TICO TICO 4327
AI-MEI-2382;SERRA TICO TICO 4327
AI-MEI-5676;SERRA TICO TICO 4328
AI-MEI-5678;SERRA TICO TICO 4328
AI-MEI-5675;SERRA TICO-TICO 4823
AI-MEI-5821;TALHA ELETRICA PRIME V2
AI-MEI-TALHA M. 1;TALHA MANUAL AMARELA TC2000
AI-MEI-5919;TICO TICO 4320
AI-MEI-2425;TRA큐DOR 5007N
AI-MEI-5747;TRA큐DOR 5007N
326304429;TRENA A LASER BOSCH
AI-MEI-5648;TUPIA
AI-MEI-5650;TUPIA
AI-MEI-2681;TUPIA 3709
AI-MEI-5716;TUPIA 3909
AI-MEI- 5647;TUPIA RPV0900
AI-MEI-2791;TUPIA RPV0900
AI-MEI-2988;TUPIA RPV0900
AI-MEI-5649;TUPIA RPV0900
